"Designator","Comment","Layer","Footprint","Mid X","Mid Y","Rotation","Description"
"U4","MPU-6500","Top","INSE-MPU-6500-QFN24_M","21.1431","12.3962","90","3-Axis Gyroscope and 3-Axis Accelerometer Motion Processing Unit with I2C and SPI, 1.71 to 3.45 V, -40 to 85 degC, 24-Pin QFN, RoHS, Tape and Reel"
"C14","100nF","Top","CAPC1050X55X23ML05T13","21.2090","15.5448","0","Chip Capacitor,�100 nF, +/- 10%,�16 V, -55 to 125 degC, 0402 (1005 Metric), RoHS, Tape and Reel"
"J3","M20-9990846","Top","FP-M20-9990846-MFG","18.4912","43.3324","0","CONN HEADER VERT 8POS 2.54MM"
"C13","100nF","Top","CAPC1050X55X23ML05T13","18.4150","26.2382","0","Chip Capacitor,�100 nF, +/- 10%,�16 V, -55 to 125 degC, 0402 (1005 Metric), RoHS, Tape and Reel"
"C12","100nF","Top","CAPC1050X55X23ML05T13","31.5722","26.4160","90","Chip Capacitor,�100 nF, +/- 10%,�16 V, -55 to 125 degC, 0402 (1005 Metric), RoHS, Tape and Reel"
"J6","M20-9990846","Top","FP-M20-9990846-MFG","57.4802","43.3324","0","CONN HEADER VERT 8POS 2.54MM"
"J5","M20-9990846","Top","FP-M20-9990846-MFG","57.5056","3.5814","0","CONN HEADER VERT 8POS 2.54MM"
"U3","STM32L431CCT6","Top","QFP50P900X900X160-48N","25.4110","23.4656","0","ARM® Cortex®-M4 STM32L4 Microcontroller IC 32-Bit Single-Core 80MHz 256KB (256K x 8) FLASH 48-LQFP (7x7)"
"U2","TPS7A0233PDBVR","Top","FP-DBV0005A-IPC_B","13.5890","12.5476","270","IC REG LINEAR 3.3V 200MA SOT23-5"
"U1","MCP73832T-2ACI/OT","Top","FP-C04-091-OT-MFG","14.2524","34.7574","0","IC LI-ION/LI-POLY CTRLR SOT23-5"
"SW_BAT","61300511121","Top","61300511121","4.5720","10.5410","90","THT Vertical Pin Header WR-PHD, Pitch 2.54 mm, Single Row, 5 pins"
"STM_PWR","61300511121","Top","61300511121","4.5720","36.3728","270","THT Vertical Pin Header WR-PHD, Pitch 2.54 mm, Single Row, 5 pins"
"LED","RED_0805","Top","EVRL-17-21SYGC_V","27.6184","37.1602","0","LED Red , 60 mW, 25 mA, -40 to 85 degC, 2-Pin SMD, RoHS, Tape and Reel  0805"
"RESET","61300511121","Top","61300511121","34.0614","15.2654","270","THT Vertical Pin Header WR-PHD, Pitch 2.54 mm, Single Row, 5 pins"
"R8","12k","Top","RESC0402(1005)_L","24.3840","33.0382","270","Chip Resistor, 6,2 kOhms, +/-5 %, 63 mW, -55 to 155 degC, 0402"
"R7","1k5","Top","RESC0402(1005)_L","23.5204","36.6268","180","Chip Resistor, 6,2 kOhms, +/-5 %, 63 mW, -55 to 155 degC, 0402"
"R6","5k1","Top","RESC0402(1005)_L","10.1092","21.6434","180","Chip Resistor, 6,2 kOhms, +/-5 %, 63 mW, -55 to 155 degC, 0402"
"R5","1k5","Top","RESC0402(1005)_L","13.0048","17.3228","180","Chip Resistor, 6,2 kOhms, +/-5 %, 63 mW, -55 to 155 degC, 0402"
"R4","5k1","Top","RESC0402(1005)_L","10.1092","24.6532","180","Chip Resistor, 6,2 kOhms, +/-5 %, 63 mW, -55 to 155 degC, 0402"
"R3","1k5","Top","RESC0402(1005)_L","13.0048","28.7020","180","Chip Resistor, 6,2 kOhms, +/-5 %, 63 mW, -55 to 155 degC, 0402"
"R2","2k","Top","RESC0402(1005)_L","17.3228","36.1696","270","Chip Resistor, 6,2 kOhms, +/-5 %, 63 mW, -55 to 155 degC, 0402"
"R1","12k","Top","RESC0402(1005)_L","16.5354","25.0444","90","Chip Resistor, 6,2 kOhms, +/-5 %, 63 mW, -55 to 155 degC, 0402"
"PWR_IN1","TYPE-C-31-M-12","Top","HRO_TYPE-C-31-M-12","5.2990","23.3624","270","USB Connectors 24 Receptacle 1 8.94*7.3mm RoHS"
"PWR","GREEN_0805","Top","EVRL-17-21SYGC_V","13.1572","19.7358","180","LED Green, 60 mW, 25 mA, -40 to 85 degC, 2-Pin SMD, RoHS, Tape and Reel  0805"
"J4","M20-9990846","Top","FP-M20-9990846-MFG","18.4912","7.0104","0","CONN HEADER VERT 8POS 2.54MM"
"J2","M20-9990846","Top","FP-M20-9990846-MFG","18.4912","3.5814","0","CONN HEADER VERT 8POS 2.54MM"
"J1","M20-9990846","Top","FP-M20-9990846-MFG","18.4912","39.9034","0","CONN HEADER VERT 8POS 2.54MM"
"CHG","YELLOW_0805","Top","EVRL-17-21SYGC_V","13.1572","26.2890","180","LED Yellow , 60 mW, 25 mA, -40 to 85 degC, 2-Pin SMD, RoHS, Tape and Reel  0805"
"C11","100nF","Top","CAPC1050X55X23ML05T13","24.6888","9.9568","90","Chip Capacitor,�100 nF, +/- 10%,�16 V, -55 to 125 degC, 0402 (1005 Metric), RoHS, Tape and Reel"
"C10","100nF","Top","CAPC1050X55X23ML05T13","24.5872","13.6398","270","Chip Capacitor,�100 nF, +/- 10%,�16 V, -55 to 125 degC, 0402 (1005 Metric), RoHS, Tape and Reel"
"C9","4u7","Top","CAPC0603(1608)100_L","12.7508","15.7480","180","Chip Capacitor, 4.7�F +/-20%, 10V, 0603, Thickness 1 mm"
"C8","4u7","Top","CAPC0603(1608)100_L","13.5890","9.4996","0","Chip Capacitor, 4.7�F +/-20%, 10V, 0603, Thickness 1 mm"
"C7","4u7","Top","CAPC0603(1608)100_L","10.2616","34.4932","270","Chip Capacitor, 4.7�F +/-20%, 10V, 0603, Thickness 1 mm"
"C6","4u7","Top","CAPC0603(1608)100_L","15.0876","30.3022","90","Chip Capacitor, 4.7�F +/-20%, 10V, 0603, Thickness 1 mm"
"C5","100nF","Top","CAPC1050X55X23ML05T13","13.1646","23.1394","0","Chip Capacitor,�100 nF, +/- 10%,�16 V, -55 to 125 degC, 0402 (1005 Metric), RoHS, Tape and Reel"
"C4","10uF","Top","CAPC0603(1608)100_L","18.6182","29.6164","0","Chip Capacitor, 4.7�F +/-20%, 10V, 0603, Thickness 1 mm"
"C3","100nF","Top","CAPC1050X55X23ML05T13","18.8976","22.7076","270","Chip Capacitor,�100 nF, +/- 10%,�16 V, -55 to 125 degC, 0402 (1005 Metric), RoHS, Tape and Reel"
"C2","100nF","Top","CAPC1050X55X23ML05T13","28.8618","17.5260","180","Chip Capacitor,�100 nF, +/- 10%,�16 V, -55 to 125 degC, 0402 (1005 Metric), RoHS, Tape and Reel"
"C1","100nF","Top","CAPC1050X55X23ML05T13","22.1234","29.6418","180","Chip Capacitor,�100 nF, +/- 10%,�16 V, -55 to 125 degC, 0402 (1005 Metric), RoHS, Tape and Reel"
"BOOT0","61300511121","Top","61300511121","34.0614","31.6484","90","THT Vertical Pin Header WR-PHD, Pitch 2.54 mm, Single Row, 5 pins"
"D240","LED_MTX","Top","EVRL-0402-2_V","72.3907","7.0859","315","Chip LED, Blue , 5 V, 10 mA, 30 mW, -40 to 85 degC, 2-Pin SMD (0402), RoHS, Tape and Reel"
"D239","LED_MTX","Top","EVRL-0402-2_V","70.2571","7.0859","315","Chip LED, Blue , 5 V, 10 mA, 30 mW, -40 to 85 degC, 2-Pin SMD (0402), RoHS, Tape and Reel"
"D238","LED_MTX","Top","EVRL-0402-2_V","68.1235","7.0859","315","Chip LED, Blue , 5 V, 10 mA, 30 mW, -40 to 85 degC, 2-Pin SMD (0402), RoHS, Tape and Reel"
"D237","LED_MTX","Top","EVRL-0402-2_V","65.9899","7.0859","315","Chip LED, Blue , 5 V, 10 mA, 30 mW, -40 to 85 degC, 2-Pin SMD (0402), RoHS, Tape and Reel"
"D236","LED_MTX","Top","EVRL-0402-2_V","63.8563","7.0859","315","Chip LED, Blue , 5 V, 10 mA, 30 mW, -40 to 85 degC, 2-Pin SMD (0402), RoHS, Tape and Reel"
"D235","LED_MTX","Top","EVRL-0402-2_V","61.7227","7.0859","315","Chip LED, Blue , 5 V, 10 mA, 30 mW, -40 to 85 degC, 2-Pin SMD (0402), RoHS, Tape and Reel"
"D234","LED_MTX","Top","EVRL-0402-2_V","59.5891","7.0859","315","Chip LED, Blue , 5 V, 10 mA, 30 mW, -40 to 85 degC, 2-Pin SMD (0402), RoHS, Tape and Reel"
"D233","LED_MTX","Top","EVRL-0402-2_V","57.4555","7.0859","315","Chip LED, Blue , 5 V, 10 mA, 30 mW, -40 to 85 degC, 2-Pin SMD (0402), RoHS, Tape and Reel"
"D232","LED_MTX","Top","EVRL-0402-2_V","55.3219","7.0859","315","Chip LED, Blue , 5 V, 10 mA, 30 mW, -40 to 85 degC, 2-Pin SMD (0402), RoHS, Tape and Reel"
"D231","LED_MTX","Top","EVRL-0402-2_V","53.1883","7.0859","315","Chip LED, Blue , 5 V, 10 mA, 30 mW, -40 to 85 degC, 2-Pin SMD (0402), RoHS, Tape and Reel"
"D230","LED_MTX","Top","EVRL-0402-2_V","51.0547","7.0859","315","Chip LED, Blue , 5 V, 10 mA, 30 mW, -40 to 85 degC, 2-Pin SMD (0402), RoHS, Tape and Reel"
"D229","LED_MTX","Top","EVRL-0402-2_V","48.9211","7.0859","315","Chip LED, Blue , 5 V, 10 mA, 30 mW, -40 to 85 degC, 2-Pin SMD (0402), RoHS, Tape and Reel"
"D228","LED_MTX","Top","EVRL-0402-2_V","46.7875","7.0859","315","Chip LED, Blue , 5 V, 10 mA, 30 mW, -40 to 85 degC, 2-Pin SMD (0402), RoHS, Tape and Reel"
"D227","LED_MTX","Top","EVRL-0402-2_V","44.6539","7.0859","315","Chip LED, Blue , 5 V, 10 mA, 30 mW, -40 to 85 degC, 2-Pin SMD (0402), RoHS, Tape and Reel"
"D226","LED_MTX","Top","EVRL-0402-2_V","42.5203","7.0859","315","Chip LED, Blue , 5 V, 10 mA, 30 mW, -40 to 85 degC, 2-Pin SMD (0402), RoHS, Tape and Reel"
"D225","LED_MTX","Top","EVRL-0402-2_V","72.3907","9.2195","315","Chip LED, Blue , 5 V, 10 mA, 30 mW, -40 to 85 degC, 2-Pin SMD (0402), RoHS, Tape and Reel"
"D224","LED_MTX","Top","EVRL-0402-2_V","70.2571","9.2195","315","Chip LED, Blue , 5 V, 10 mA, 30 mW, -40 to 85 degC, 2-Pin SMD (0402), RoHS, Tape and Reel"
"D223","LED_MTX","Top","EVRL-0402-2_V","68.1235","9.2195","315","Chip LED, Blue , 5 V, 10 mA, 30 mW, -40 to 85 degC, 2-Pin SMD (0402), RoHS, Tape and Reel"
"D222","LED_MTX","Top","EVRL-0402-2_V","65.9899","9.2195","315","Chip LED, Blue , 5 V, 10 mA, 30 mW, -40 to 85 degC, 2-Pin SMD (0402), RoHS, Tape and Reel"
"D221","LED_MTX","Top","EVRL-0402-2_V","63.8563","9.2195","315","Chip LED, Blue , 5 V, 10 mA, 30 mW, -40 to 85 degC, 2-Pin SMD (0402), RoHS, Tape and Reel"
"D220","LED_MTX","Top","EVRL-0402-2_V","61.7227","9.2195","315","Chip LED, Blue , 5 V, 10 mA, 30 mW, -40 to 85 degC, 2-Pin SMD (0402), RoHS, Tape and Reel"
"D219","LED_MTX","Top","EVRL-0402-2_V","59.5891","9.2195","315","Chip LED, Blue , 5 V, 10 mA, 30 mW, -40 to 85 degC, 2-Pin SMD (0402), RoHS, Tape and Reel"
"D218","LED_MTX","Top","EVRL-0402-2_V","57.4555","9.2195","315","Chip LED, Blue , 5 V, 10 mA, 30 mW, -40 to 85 degC, 2-Pin SMD (0402), RoHS, Tape and Reel"
"D217","LED_MTX","Top","EVRL-0402-2_V","55.3219","9.2195","315","Chip LED, Blue , 5 V, 10 mA, 30 mW, -40 to 85 degC, 2-Pin SMD (0402), RoHS, Tape and Reel"
"D216","LED_MTX","Top","EVRL-0402-2_V","53.1883","9.2195","315","Chip LED, Blue , 5 V, 10 mA, 30 mW, -40 to 85 degC, 2-Pin SMD (0402), RoHS, Tape and Reel"
"D215","LED_MTX","Top","EVRL-0402-2_V","51.0547","9.2195","315","Chip LED, Blue , 5 V, 10 mA, 30 mW, -40 to 85 degC, 2-Pin SMD (0402), RoHS, Tape and Reel"
"D214","LED_MTX","Top","EVRL-0402-2_V","48.9211","9.2195","315","Chip LED, Blue , 5 V, 10 mA, 30 mW, -40 to 85 degC, 2-Pin SMD (0402), RoHS, Tape and Reel"
"D213","LED_MTX","Top","EVRL-0402-2_V","46.7875","9.2195","315","Chip LED, Blue , 5 V, 10 mA, 30 mW, -40 to 85 degC, 2-Pin SMD (0402), RoHS, Tape and Reel"
"D212","LED_MTX","Top","EVRL-0402-2_V","44.6539","9.2195","315","Chip LED, Blue , 5 V, 10 mA, 30 mW, -40 to 85 degC, 2-Pin SMD (0402), RoHS, Tape and Reel"
"D211","LED_MTX","Top","EVRL-0402-2_V","42.5203","9.2195","315","Chip LED, Blue , 5 V, 10 mA, 30 mW, -40 to 85 degC, 2-Pin SMD (0402), RoHS, Tape and Reel"
"D210","LED_MTX","Top","EVRL-0402-2_V","72.3907","11.3531","315","Chip LED, Blue , 5 V, 10 mA, 30 mW, -40 to 85 degC, 2-Pin SMD (0402), RoHS, Tape and Reel"
"D209","LED_MTX","Top","EVRL-0402-2_V","70.2571","11.3531","315","Chip LED, Blue , 5 V, 10 mA, 30 mW, -40 to 85 degC, 2-Pin SMD (0402), RoHS, Tape and Reel"
"D208","LED_MTX","Top","EVRL-0402-2_V","68.1235","11.3531","315","Chip LED, Blue , 5 V, 10 mA, 30 mW, -40 to 85 degC, 2-Pin SMD (0402), RoHS, Tape and Reel"
"D207","LED_MTX","Top","EVRL-0402-2_V","65.9899","11.3531","315","Chip LED, Blue , 5 V, 10 mA, 30 mW, -40 to 85 degC, 2-Pin SMD (0402), RoHS, Tape and Reel"
"D206","LED_MTX","Top","EVRL-0402-2_V","63.8563","11.3531","315","Chip LED, Blue , 5 V, 10 mA, 30 mW, -40 to 85 degC, 2-Pin SMD (0402), RoHS, Tape and Reel"
"D205","LED_MTX","Top","EVRL-0402-2_V","61.7227","11.3531","315","Chip LED, Blue , 5 V, 10 mA, 30 mW, -40 to 85 degC, 2-Pin SMD (0402), RoHS, Tape and Reel"
"D204","LED_MTX","Top","EVRL-0402-2_V","59.5891","11.3531","315","Chip LED, Blue , 5 V, 10 mA, 30 mW, -40 to 85 degC, 2-Pin SMD (0402), RoHS, Tape and Reel"
"D203","LED_MTX","Top","EVRL-0402-2_V","57.4555","11.3531","315","Chip LED, Blue , 5 V, 10 mA, 30 mW, -40 to 85 degC, 2-Pin SMD (0402), RoHS, Tape and Reel"
"D202","LED_MTX","Top","EVRL-0402-2_V","55.3219","11.3531","315","Chip LED, Blue , 5 V, 10 mA, 30 mW, -40 to 85 degC, 2-Pin SMD (0402), RoHS, Tape and Reel"
"D201","LED_MTX","Top","EVRL-0402-2_V","53.1883","11.3531","315","Chip LED, Blue , 5 V, 10 mA, 30 mW, -40 to 85 degC, 2-Pin SMD (0402), RoHS, Tape and Reel"
"D200","LED_MTX","Top","EVRL-0402-2_V","51.0547","11.3531","315","Chip LED, Blue , 5 V, 10 mA, 30 mW, -40 to 85 degC, 2-Pin SMD (0402), RoHS, Tape and Reel"
"D199","LED_MTX","Top","EVRL-0402-2_V","48.9211","11.3531","315","Chip LED, Blue , 5 V, 10 mA, 30 mW, -40 to 85 degC, 2-Pin SMD (0402), RoHS, Tape and Reel"
"D198","LED_MTX","Top","EVRL-0402-2_V","46.7875","11.3531","315","Chip LED, Blue , 5 V, 10 mA, 30 mW, -40 to 85 degC, 2-Pin SMD (0402), RoHS, Tape and Reel"
"D197","LED_MTX","Top","EVRL-0402-2_V","44.6539","11.3531","315","Chip LED, Blue , 5 V, 10 mA, 30 mW, -40 to 85 degC, 2-Pin SMD (0402), RoHS, Tape and Reel"
"D196","LED_MTX","Top","EVRL-0402-2_V","42.5203","11.3531","315","Chip LED, Blue , 5 V, 10 mA, 30 mW, -40 to 85 degC, 2-Pin SMD (0402), RoHS, Tape and Reel"
"D195","LED_MTX","Top","EVRL-0402-2_V","72.3907","13.4867","315","Chip LED, Blue , 5 V, 10 mA, 30 mW, -40 to 85 degC, 2-Pin SMD (0402), RoHS, Tape and Reel"
"D194","LED_MTX","Top","EVRL-0402-2_V","70.2571","13.4867","315","Chip LED, Blue , 5 V, 10 mA, 30 mW, -40 to 85 degC, 2-Pin SMD (0402), RoHS, Tape and Reel"
"D193","LED_MTX","Top","EVRL-0402-2_V","68.1235","13.4867","315","Chip LED, Blue , 5 V, 10 mA, 30 mW, -40 to 85 degC, 2-Pin SMD (0402), RoHS, Tape and Reel"
"D192","LED_MTX","Top","EVRL-0402-2_V","65.9899","13.4867","315","Chip LED, Blue , 5 V, 10 mA, 30 mW, -40 to 85 degC, 2-Pin SMD (0402), RoHS, Tape and Reel"
"D191","LED_MTX","Top","EVRL-0402-2_V","63.8563","13.4867","315","Chip LED, Blue , 5 V, 10 mA, 30 mW, -40 to 85 degC, 2-Pin SMD (0402), RoHS, Tape and Reel"
"D190","LED_MTX","Top","EVRL-0402-2_V","61.7227","13.4867","315","Chip LED, Blue , 5 V, 10 mA, 30 mW, -40 to 85 degC, 2-Pin SMD (0402), RoHS, Tape and Reel"
"D189","LED_MTX","Top","EVRL-0402-2_V","59.5891","13.4867","315","Chip LED, Blue , 5 V, 10 mA, 30 mW, -40 to 85 degC, 2-Pin SMD (0402), RoHS, Tape and Reel"
"D188","LED_MTX","Top","EVRL-0402-2_V","57.4555","13.4867","315","Chip LED, Blue , 5 V, 10 mA, 30 mW, -40 to 85 degC, 2-Pin SMD (0402), RoHS, Tape and Reel"
"D187","LED_MTX","Top","EVRL-0402-2_V","55.3219","13.4867","315","Chip LED, Blue , 5 V, 10 mA, 30 mW, -40 to 85 degC, 2-Pin SMD (0402), RoHS, Tape and Reel"
"D186","LED_MTX","Top","EVRL-0402-2_V","53.1883","13.4867","315","Chip LED, Blue , 5 V, 10 mA, 30 mW, -40 to 85 degC, 2-Pin SMD (0402), RoHS, Tape and Reel"
"D185","LED_MTX","Top","EVRL-0402-2_V","51.0547","13.4867","315","Chip LED, Blue , 5 V, 10 mA, 30 mW, -40 to 85 degC, 2-Pin SMD (0402), RoHS, Tape and Reel"
"D184","LED_MTX","Top","EVRL-0402-2_V","48.9211","13.4867","315","Chip LED, Blue , 5 V, 10 mA, 30 mW, -40 to 85 degC, 2-Pin SMD (0402), RoHS, Tape and Reel"
"D183","LED_MTX","Top","EVRL-0402-2_V","46.7875","13.4867","315","Chip LED, Blue , 5 V, 10 mA, 30 mW, -40 to 85 degC, 2-Pin SMD (0402), RoHS, Tape and Reel"
"D182","LED_MTX","Top","EVRL-0402-2_V","44.6539","13.4867","315","Chip LED, Blue , 5 V, 10 mA, 30 mW, -40 to 85 degC, 2-Pin SMD (0402), RoHS, Tape and Reel"
"D181","LED_MTX","Top","EVRL-0402-2_V","42.5203","13.4867","315","Chip LED, Blue , 5 V, 10 mA, 30 mW, -40 to 85 degC, 2-Pin SMD (0402), RoHS, Tape and Reel"
"D180","LED_MTX","Top","EVRL-0402-2_V","72.3907","15.6203","315","Chip LED, Blue , 5 V, 10 mA, 30 mW, -40 to 85 degC, 2-Pin SMD (0402), RoHS, Tape and Reel"
"D179","LED_MTX","Top","EVRL-0402-2_V","70.2571","15.6203","315","Chip LED, Blue , 5 V, 10 mA, 30 mW, -40 to 85 degC, 2-Pin SMD (0402), RoHS, Tape and Reel"
"D178","LED_MTX","Top","EVRL-0402-2_V","68.1235","15.6203","315","Chip LED, Blue , 5 V, 10 mA, 30 mW, -40 to 85 degC, 2-Pin SMD (0402), RoHS, Tape and Reel"
"D177","LED_MTX","Top","EVRL-0402-2_V","65.9899","15.6203","315","Chip LED, Blue , 5 V, 10 mA, 30 mW, -40 to 85 degC, 2-Pin SMD (0402), RoHS, Tape and Reel"
"D176","LED_MTX","Top","EVRL-0402-2_V","63.8563","15.6203","315","Chip LED, Blue , 5 V, 10 mA, 30 mW, -40 to 85 degC, 2-Pin SMD (0402), RoHS, Tape and Reel"
"D175","LED_MTX","Top","EVRL-0402-2_V","61.7227","15.6203","315","Chip LED, Blue , 5 V, 10 mA, 30 mW, -40 to 85 degC, 2-Pin SMD (0402), RoHS, Tape and Reel"
"D174","LED_MTX","Top","EVRL-0402-2_V","59.5891","15.6203","315","Chip LED, Blue , 5 V, 10 mA, 30 mW, -40 to 85 degC, 2-Pin SMD (0402), RoHS, Tape and Reel"
"D173","LED_MTX","Top","EVRL-0402-2_V","57.4555","15.6203","315","Chip LED, Blue , 5 V, 10 mA, 30 mW, -40 to 85 degC, 2-Pin SMD (0402), RoHS, Tape and Reel"
"D172","LED_MTX","Top","EVRL-0402-2_V","55.3219","15.6203","315","Chip LED, Blue , 5 V, 10 mA, 30 mW, -40 to 85 degC, 2-Pin SMD (0402), RoHS, Tape and Reel"
"D171","LED_MTX","Top","EVRL-0402-2_V","53.1883","15.6203","315","Chip LED, Blue , 5 V, 10 mA, 30 mW, -40 to 85 degC, 2-Pin SMD (0402), RoHS, Tape and Reel"
"D170","LED_MTX","Top","EVRL-0402-2_V","51.0547","15.6203","315","Chip LED, Blue , 5 V, 10 mA, 30 mW, -40 to 85 degC, 2-Pin SMD (0402), RoHS, Tape and Reel"
"D169","LED_MTX","Top","EVRL-0402-2_V","48.9211","15.6203","315","Chip LED, Blue , 5 V, 10 mA, 30 mW, -40 to 85 degC, 2-Pin SMD (0402), RoHS, Tape and Reel"
"D168","LED_MTX","Top","EVRL-0402-2_V","46.7875","15.6203","315","Chip LED, Blue , 5 V, 10 mA, 30 mW, -40 to 85 degC, 2-Pin SMD (0402), RoHS, Tape and Reel"
"D167","LED_MTX","Top","EVRL-0402-2_V","44.6539","15.6203","315","Chip LED, Blue , 5 V, 10 mA, 30 mW, -40 to 85 degC, 2-Pin SMD (0402), RoHS, Tape and Reel"
"D166","LED_MTX","Top","EVRL-0402-2_V","42.5203","15.6203","315","Chip LED, Blue , 5 V, 10 mA, 30 mW, -40 to 85 degC, 2-Pin SMD (0402), RoHS, Tape and Reel"
"D165","LED_MTX","Top","EVRL-0402-2_V","72.3907","17.7539","315","Chip LED, Blue , 5 V, 10 mA, 30 mW, -40 to 85 degC, 2-Pin SMD (0402), RoHS, Tape and Reel"
"D164","LED_MTX","Top","EVRL-0402-2_V","70.2571","17.7539","315","Chip LED, Blue , 5 V, 10 mA, 30 mW, -40 to 85 degC, 2-Pin SMD (0402), RoHS, Tape and Reel"
"D163","LED_MTX","Top","EVRL-0402-2_V","68.1235","17.7539","315","Chip LED, Blue , 5 V, 10 mA, 30 mW, -40 to 85 degC, 2-Pin SMD (0402), RoHS, Tape and Reel"
"D162","LED_MTX","Top","EVRL-0402-2_V","65.9899","17.7539","315","Chip LED, Blue , 5 V, 10 mA, 30 mW, -40 to 85 degC, 2-Pin SMD (0402), RoHS, Tape and Reel"
"D161","LED_MTX","Top","EVRL-0402-2_V","63.8563","17.7539","315","Chip LED, Blue , 5 V, 10 mA, 30 mW, -40 to 85 degC, 2-Pin SMD (0402), RoHS, Tape and Reel"
"D160","LED_MTX","Top","EVRL-0402-2_V","61.7227","17.7539","315","Chip LED, Blue , 5 V, 10 mA, 30 mW, -40 to 85 degC, 2-Pin SMD (0402), RoHS, Tape and Reel"
"D159","LED_MTX","Top","EVRL-0402-2_V","59.5891","17.7539","315","Chip LED, Blue , 5 V, 10 mA, 30 mW, -40 to 85 degC, 2-Pin SMD (0402), RoHS, Tape and Reel"
"D158","LED_MTX","Top","EVRL-0402-2_V","57.4555","17.7539","315","Chip LED, Blue , 5 V, 10 mA, 30 mW, -40 to 85 degC, 2-Pin SMD (0402), RoHS, Tape and Reel"
"D157","LED_MTX","Top","EVRL-0402-2_V","55.3219","17.7539","315","Chip LED, Blue , 5 V, 10 mA, 30 mW, -40 to 85 degC, 2-Pin SMD (0402), RoHS, Tape and Reel"
"D156","LED_MTX","Top","EVRL-0402-2_V","53.1883","17.7539","315","Chip LED, Blue , 5 V, 10 mA, 30 mW, -40 to 85 degC, 2-Pin SMD (0402), RoHS, Tape and Reel"
"D155","LED_MTX","Top","EVRL-0402-2_V","51.0547","17.7539","315","Chip LED, Blue , 5 V, 10 mA, 30 mW, -40 to 85 degC, 2-Pin SMD (0402), RoHS, Tape and Reel"
"D154","LED_MTX","Top","EVRL-0402-2_V","48.9211","17.7539","315","Chip LED, Blue , 5 V, 10 mA, 30 mW, -40 to 85 degC, 2-Pin SMD (0402), RoHS, Tape and Reel"
"D153","LED_MTX","Top","EVRL-0402-2_V","46.7875","17.7539","315","Chip LED, Blue , 5 V, 10 mA, 30 mW, -40 to 85 degC, 2-Pin SMD (0402), RoHS, Tape and Reel"
"D152","LED_MTX","Top","EVRL-0402-2_V","44.6539","17.7539","315","Chip LED, Blue , 5 V, 10 mA, 30 mW, -40 to 85 degC, 2-Pin SMD (0402), RoHS, Tape and Reel"
"D151","LED_MTX","Top","EVRL-0402-2_V","42.5203","17.7539","315","Chip LED, Blue , 5 V, 10 mA, 30 mW, -40 to 85 degC, 2-Pin SMD (0402), RoHS, Tape and Reel"
"D150","LED_MTX","Top","EVRL-0402-2_V","72.3907","19.8875","315","Chip LED, Blue , 5 V, 10 mA, 30 mW, -40 to 85 degC, 2-Pin SMD (0402), RoHS, Tape and Reel"
"D149","LED_MTX","Top","EVRL-0402-2_V","70.2571","19.8875","315","Chip LED, Blue , 5 V, 10 mA, 30 mW, -40 to 85 degC, 2-Pin SMD (0402), RoHS, Tape and Reel"
"D148","LED_MTX","Top","EVRL-0402-2_V","68.1235","19.8875","315","Chip LED, Blue , 5 V, 10 mA, 30 mW, -40 to 85 degC, 2-Pin SMD (0402), RoHS, Tape and Reel"
"D147","LED_MTX","Top","EVRL-0402-2_V","65.9899","19.8875","315","Chip LED, Blue , 5 V, 10 mA, 30 mW, -40 to 85 degC, 2-Pin SMD (0402), RoHS, Tape and Reel"
"D146","LED_MTX","Top","EVRL-0402-2_V","63.8563","19.8875","315","Chip LED, Blue , 5 V, 10 mA, 30 mW, -40 to 85 degC, 2-Pin SMD (0402), RoHS, Tape and Reel"
"D145","LED_MTX","Top","EVRL-0402-2_V","61.7227","19.8875","315","Chip LED, Blue , 5 V, 10 mA, 30 mW, -40 to 85 degC, 2-Pin SMD (0402), RoHS, Tape and Reel"
"D144","LED_MTX","Top","EVRL-0402-2_V","59.5891","19.8875","315","Chip LED, Blue , 5 V, 10 mA, 30 mW, -40 to 85 degC, 2-Pin SMD (0402), RoHS, Tape and Reel"
"D143","LED_MTX","Top","EVRL-0402-2_V","57.4555","19.8875","315","Chip LED, Blue , 5 V, 10 mA, 30 mW, -40 to 85 degC, 2-Pin SMD (0402), RoHS, Tape and Reel"
"D142","LED_MTX","Top","EVRL-0402-2_V","55.3219","19.8875","315","Chip LED, Blue , 5 V, 10 mA, 30 mW, -40 to 85 degC, 2-Pin SMD (0402), RoHS, Tape and Reel"
"D141","LED_MTX","Top","EVRL-0402-2_V","53.1883","19.8875","315","Chip LED, Blue , 5 V, 10 mA, 30 mW, -40 to 85 degC, 2-Pin SMD (0402), RoHS, Tape and Reel"
"D140","LED_MTX","Top","EVRL-0402-2_V","51.0547","19.8875","315","Chip LED, Blue , 5 V, 10 mA, 30 mW, -40 to 85 degC, 2-Pin SMD (0402), RoHS, Tape and Reel"
"D139","LED_MTX","Top","EVRL-0402-2_V","48.9211","19.8875","315","Chip LED, Blue , 5 V, 10 mA, 30 mW, -40 to 85 degC, 2-Pin SMD (0402), RoHS, Tape and Reel"
"D138","LED_MTX","Top","EVRL-0402-2_V","46.7875","19.8875","315","Chip LED, Blue , 5 V, 10 mA, 30 mW, -40 to 85 degC, 2-Pin SMD (0402), RoHS, Tape and Reel"
"D137","LED_MTX","Top","EVRL-0402-2_V","44.6539","19.8875","315","Chip LED, Blue , 5 V, 10 mA, 30 mW, -40 to 85 degC, 2-Pin SMD (0402), RoHS, Tape and Reel"
"D136","LED_MTX","Top","EVRL-0402-2_V","42.5203","19.8875","315","Chip LED, Blue , 5 V, 10 mA, 30 mW, -40 to 85 degC, 2-Pin SMD (0402), RoHS, Tape and Reel"
"D135","LED_MTX","Top","EVRL-0402-2_V","72.3907","22.0211","315","Chip LED, Blue , 5 V, 10 mA, 30 mW, -40 to 85 degC, 2-Pin SMD (0402), RoHS, Tape and Reel"
"D134","LED_MTX","Top","EVRL-0402-2_V","70.2571","22.0211","315","Chip LED, Blue , 5 V, 10 mA, 30 mW, -40 to 85 degC, 2-Pin SMD (0402), RoHS, Tape and Reel"
"D133","LED_MTX","Top","EVRL-0402-2_V","68.1235","22.0211","315","Chip LED, Blue , 5 V, 10 mA, 30 mW, -40 to 85 degC, 2-Pin SMD (0402), RoHS, Tape and Reel"
"D132","LED_MTX","Top","EVRL-0402-2_V","65.9899","22.0211","315","Chip LED, Blue , 5 V, 10 mA, 30 mW, -40 to 85 degC, 2-Pin SMD (0402), RoHS, Tape and Reel"
"D131","LED_MTX","Top","EVRL-0402-2_V","63.8563","22.0211","315","Chip LED, Blue , 5 V, 10 mA, 30 mW, -40 to 85 degC, 2-Pin SMD (0402), RoHS, Tape and Reel"
"D130","LED_MTX","Top","EVRL-0402-2_V","61.7227","22.0211","315","Chip LED, Blue , 5 V, 10 mA, 30 mW, -40 to 85 degC, 2-Pin SMD (0402), RoHS, Tape and Reel"
"D129","LED_MTX","Top","EVRL-0402-2_V","59.5891","22.0211","315","Chip LED, Blue , 5 V, 10 mA, 30 mW, -40 to 85 degC, 2-Pin SMD (0402), RoHS, Tape and Reel"
"D128","LED_MTX","Top","EVRL-0402-2_V","57.4555","22.0211","315","Chip LED, Blue , 5 V, 10 mA, 30 mW, -40 to 85 degC, 2-Pin SMD (0402), RoHS, Tape and Reel"
"D127","LED_MTX","Top","EVRL-0402-2_V","55.3219","22.0211","315","Chip LED, Blue , 5 V, 10 mA, 30 mW, -40 to 85 degC, 2-Pin SMD (0402), RoHS, Tape and Reel"
"D126","LED_MTX","Top","EVRL-0402-2_V","53.1883","22.0211","315","Chip LED, Blue , 5 V, 10 mA, 30 mW, -40 to 85 degC, 2-Pin SMD (0402), RoHS, Tape and Reel"
"D125","LED_MTX","Top","EVRL-0402-2_V","51.0547","22.0211","315","Chip LED, Blue , 5 V, 10 mA, 30 mW, -40 to 85 degC, 2-Pin SMD (0402), RoHS, Tape and Reel"
"D124","LED_MTX","Top","EVRL-0402-2_V","48.9211","22.0211","315","Chip LED, Blue , 5 V, 10 mA, 30 mW, -40 to 85 degC, 2-Pin SMD (0402), RoHS, Tape and Reel"
"D123","LED_MTX","Top","EVRL-0402-2_V","46.7875","22.0211","315","Chip LED, Blue , 5 V, 10 mA, 30 mW, -40 to 85 degC, 2-Pin SMD (0402), RoHS, Tape and Reel"
"D122","LED_MTX","Top","EVRL-0402-2_V","44.6539","22.0211","315","Chip LED, Blue , 5 V, 10 mA, 30 mW, -40 to 85 degC, 2-Pin SMD (0402), RoHS, Tape and Reel"
"D121","LED_MTX","Top","EVRL-0402-2_V","42.5203","22.0211","315","Chip LED, Blue , 5 V, 10 mA, 30 mW, -40 to 85 degC, 2-Pin SMD (0402), RoHS, Tape and Reel"
"D120","LED_MTX","Top","EVRL-0402-2_V","72.3907","24.1547","315","Chip LED, Blue , 5 V, 10 mA, 30 mW, -40 to 85 degC, 2-Pin SMD (0402), RoHS, Tape and Reel"
"D119","LED_MTX","Top","EVRL-0402-2_V","70.2571","24.1547","315","Chip LED, Blue , 5 V, 10 mA, 30 mW, -40 to 85 degC, 2-Pin SMD (0402), RoHS, Tape and Reel"
"D118","LED_MTX","Top","EVRL-0402-2_V","68.1235","24.1547","315","Chip LED, Blue , 5 V, 10 mA, 30 mW, -40 to 85 degC, 2-Pin SMD (0402), RoHS, Tape and Reel"
"D117","LED_MTX","Top","EVRL-0402-2_V","65.9899","24.1547","315","Chip LED, Blue , 5 V, 10 mA, 30 mW, -40 to 85 degC, 2-Pin SMD (0402), RoHS, Tape and Reel"
"D116","LED_MTX","Top","EVRL-0402-2_V","63.8563","24.1547","315","Chip LED, Blue , 5 V, 10 mA, 30 mW, -40 to 85 degC, 2-Pin SMD (0402), RoHS, Tape and Reel"
"D115","LED_MTX","Top","EVRL-0402-2_V","61.7227","24.1547","315","Chip LED, Blue , 5 V, 10 mA, 30 mW, -40 to 85 degC, 2-Pin SMD (0402), RoHS, Tape and Reel"
"D114","LED_MTX","Top","EVRL-0402-2_V","59.5891","24.1547","315","Chip LED, Blue , 5 V, 10 mA, 30 mW, -40 to 85 degC, 2-Pin SMD (0402), RoHS, Tape and Reel"
"D113","LED_MTX","Top","EVRL-0402-2_V","57.4555","24.1547","315","Chip LED, Blue , 5 V, 10 mA, 30 mW, -40 to 85 degC, 2-Pin SMD (0402), RoHS, Tape and Reel"
"D112","LED_MTX","Top","EVRL-0402-2_V","55.3219","24.1547","315","Chip LED, Blue , 5 V, 10 mA, 30 mW, -40 to 85 degC, 2-Pin SMD (0402), RoHS, Tape and Reel"
"D111","LED_MTX","Top","EVRL-0402-2_V","53.1883","24.1547","315","Chip LED, Blue , 5 V, 10 mA, 30 mW, -40 to 85 degC, 2-Pin SMD (0402), RoHS, Tape and Reel"
"D110","LED_MTX","Top","EVRL-0402-2_V","51.0547","24.1547","315","Chip LED, Blue , 5 V, 10 mA, 30 mW, -40 to 85 degC, 2-Pin SMD (0402), RoHS, Tape and Reel"
"D109","LED_MTX","Top","EVRL-0402-2_V","48.9211","24.1547","315","Chip LED, Blue , 5 V, 10 mA, 30 mW, -40 to 85 degC, 2-Pin SMD (0402), RoHS, Tape and Reel"
"D108","LED_MTX","Top","EVRL-0402-2_V","46.7875","24.1547","315","Chip LED, Blue , 5 V, 10 mA, 30 mW, -40 to 85 degC, 2-Pin SMD (0402), RoHS, Tape and Reel"
"D107","LED_MTX","Top","EVRL-0402-2_V","44.6539","24.1547","315","Chip LED, Blue , 5 V, 10 mA, 30 mW, -40 to 85 degC, 2-Pin SMD (0402), RoHS, Tape and Reel"
"D106","LED_MTX","Top","EVRL-0402-2_V","42.5203","24.1547","315","Chip LED, Blue , 5 V, 10 mA, 30 mW, -40 to 85 degC, 2-Pin SMD (0402), RoHS, Tape and Reel"
"D105","LED_MTX","Top","EVRL-0402-2_V","72.3907","26.2883","315","Chip LED, Blue , 5 V, 10 mA, 30 mW, -40 to 85 degC, 2-Pin SMD (0402), RoHS, Tape and Reel"
"D104","LED_MTX","Top","EVRL-0402-2_V","70.2571","26.2883","315","Chip LED, Blue , 5 V, 10 mA, 30 mW, -40 to 85 degC, 2-Pin SMD (0402), RoHS, Tape and Reel"
"D103","LED_MTX","Top","EVRL-0402-2_V","68.1235","26.2883","315","Chip LED, Blue , 5 V, 10 mA, 30 mW, -40 to 85 degC, 2-Pin SMD (0402), RoHS, Tape and Reel"
"D102","LED_MTX","Top","EVRL-0402-2_V","65.9899","26.2883","315","Chip LED, Blue , 5 V, 10 mA, 30 mW, -40 to 85 degC, 2-Pin SMD (0402), RoHS, Tape and Reel"
"D101","LED_MTX","Top","EVRL-0402-2_V","63.8563","26.2883","315","Chip LED, Blue , 5 V, 10 mA, 30 mW, -40 to 85 degC, 2-Pin SMD (0402), RoHS, Tape and Reel"
"D100","LED_MTX","Top","EVRL-0402-2_V","61.7227","26.2883","315","Chip LED, Blue , 5 V, 10 mA, 30 mW, -40 to 85 degC, 2-Pin SMD (0402), RoHS, Tape and Reel"
"D99","LED_MTX","Top","EVRL-0402-2_V","59.5891","26.2883","315","Chip LED, Blue , 5 V, 10 mA, 30 mW, -40 to 85 degC, 2-Pin SMD (0402), RoHS, Tape and Reel"
"D98","LED_MTX","Top","EVRL-0402-2_V","57.4555","26.2883","315","Chip LED, Blue , 5 V, 10 mA, 30 mW, -40 to 85 degC, 2-Pin SMD (0402), RoHS, Tape and Reel"
"D97","LED_MTX","Top","EVRL-0402-2_V","55.3219","26.2883","315","Chip LED, Blue , 5 V, 10 mA, 30 mW, -40 to 85 degC, 2-Pin SMD (0402), RoHS, Tape and Reel"
"D96","LED_MTX","Top","EVRL-0402-2_V","53.1883","26.2883","315","Chip LED, Blue , 5 V, 10 mA, 30 mW, -40 to 85 degC, 2-Pin SMD (0402), RoHS, Tape and Reel"
"D95","LED_MTX","Top","EVRL-0402-2_V","51.0547","26.2883","315","Chip LED, Blue , 5 V, 10 mA, 30 mW, -40 to 85 degC, 2-Pin SMD (0402), RoHS, Tape and Reel"
"D94","LED_MTX","Top","EVRL-0402-2_V","48.9211","26.2883","315","Chip LED, Blue , 5 V, 10 mA, 30 mW, -40 to 85 degC, 2-Pin SMD (0402), RoHS, Tape and Reel"
"D93","LED_MTX","Top","EVRL-0402-2_V","46.7875","26.2883","315","Chip LED, Blue , 5 V, 10 mA, 30 mW, -40 to 85 degC, 2-Pin SMD (0402), RoHS, Tape and Reel"
"D92","LED_MTX","Top","EVRL-0402-2_V","44.6539","26.2883","315","Chip LED, Blue , 5 V, 10 mA, 30 mW, -40 to 85 degC, 2-Pin SMD (0402), RoHS, Tape and Reel"
"D91","LED_MTX","Top","EVRL-0402-2_V","42.5203","26.2883","315","Chip LED, Blue , 5 V, 10 mA, 30 mW, -40 to 85 degC, 2-Pin SMD (0402), RoHS, Tape and Reel"
"D90","LED_MTX","Top","EVRL-0402-2_V","72.3907","28.4219","315","Chip LED, Blue , 5 V, 10 mA, 30 mW, -40 to 85 degC, 2-Pin SMD (0402), RoHS, Tape and Reel"
"D89","LED_MTX","Top","EVRL-0402-2_V","70.2571","28.4219","315","Chip LED, Blue , 5 V, 10 mA, 30 mW, -40 to 85 degC, 2-Pin SMD (0402), RoHS, Tape and Reel"
"D88","LED_MTX","Top","EVRL-0402-2_V","68.1235","28.4219","315","Chip LED, Blue , 5 V, 10 mA, 30 mW, -40 to 85 degC, 2-Pin SMD (0402), RoHS, Tape and Reel"
"D87","LED_MTX","Top","EVRL-0402-2_V","65.9899","28.4219","315","Chip LED, Blue , 5 V, 10 mA, 30 mW, -40 to 85 degC, 2-Pin SMD (0402), RoHS, Tape and Reel"
"D86","LED_MTX","Top","EVRL-0402-2_V","63.8563","28.4219","315","Chip LED, Blue , 5 V, 10 mA, 30 mW, -40 to 85 degC, 2-Pin SMD (0402), RoHS, Tape and Reel"
"D85","LED_MTX","Top","EVRL-0402-2_V","61.7227","28.4219","315","Chip LED, Blue , 5 V, 10 mA, 30 mW, -40 to 85 degC, 2-Pin SMD (0402), RoHS, Tape and Reel"
"D84","LED_MTX","Top","EVRL-0402-2_V","59.5891","28.4219","315","Chip LED, Blue , 5 V, 10 mA, 30 mW, -40 to 85 degC, 2-Pin SMD (0402), RoHS, Tape and Reel"
"D83","LED_MTX","Top","EVRL-0402-2_V","57.4555","28.4219","315","Chip LED, Blue , 5 V, 10 mA, 30 mW, -40 to 85 degC, 2-Pin SMD (0402), RoHS, Tape and Reel"
"D82","LED_MTX","Top","EVRL-0402-2_V","55.3219","28.4219","315","Chip LED, Blue , 5 V, 10 mA, 30 mW, -40 to 85 degC, 2-Pin SMD (0402), RoHS, Tape and Reel"
"D81","LED_MTX","Top","EVRL-0402-2_V","53.1883","28.4219","315","Chip LED, Blue , 5 V, 10 mA, 30 mW, -40 to 85 degC, 2-Pin SMD (0402), RoHS, Tape and Reel"
"D80","LED_MTX","Top","EVRL-0402-2_V","51.0547","28.4219","315","Chip LED, Blue , 5 V, 10 mA, 30 mW, -40 to 85 degC, 2-Pin SMD (0402), RoHS, Tape and Reel"
"D79","LED_MTX","Top","EVRL-0402-2_V","48.9211","28.4219","315","Chip LED, Blue , 5 V, 10 mA, 30 mW, -40 to 85 degC, 2-Pin SMD (0402), RoHS, Tape and Reel"
"D78","LED_MTX","Top","EVRL-0402-2_V","46.7875","28.4219","315","Chip LED, Blue , 5 V, 10 mA, 30 mW, -40 to 85 degC, 2-Pin SMD (0402), RoHS, Tape and Reel"
"D77","LED_MTX","Top","EVRL-0402-2_V","44.6539","28.4219","315","Chip LED, Blue , 5 V, 10 mA, 30 mW, -40 to 85 degC, 2-Pin SMD (0402), RoHS, Tape and Reel"
"D76","LED_MTX","Top","EVRL-0402-2_V","42.5203","28.4219","315","Chip LED, Blue , 5 V, 10 mA, 30 mW, -40 to 85 degC, 2-Pin SMD (0402), RoHS, Tape and Reel"
"D75","LED_MTX","Top","EVRL-0402-2_V","72.3907","30.5555","315","Chip LED, Blue , 5 V, 10 mA, 30 mW, -40 to 85 degC, 2-Pin SMD (0402), RoHS, Tape and Reel"
"D74","LED_MTX","Top","EVRL-0402-2_V","70.2571","30.5555","315","Chip LED, Blue , 5 V, 10 mA, 30 mW, -40 to 85 degC, 2-Pin SMD (0402), RoHS, Tape and Reel"
"D73","LED_MTX","Top","EVRL-0402-2_V","68.1235","30.5555","315","Chip LED, Blue , 5 V, 10 mA, 30 mW, -40 to 85 degC, 2-Pin SMD (0402), RoHS, Tape and Reel"
"D72","LED_MTX","Top","EVRL-0402-2_V","65.9899","30.5555","315","Chip LED, Blue , 5 V, 10 mA, 30 mW, -40 to 85 degC, 2-Pin SMD (0402), RoHS, Tape and Reel"
"D71","LED_MTX","Top","EVRL-0402-2_V","63.8563","30.5555","315","Chip LED, Blue , 5 V, 10 mA, 30 mW, -40 to 85 degC, 2-Pin SMD (0402), RoHS, Tape and Reel"
"D70","LED_MTX","Top","EVRL-0402-2_V","61.7227","30.5555","315","Chip LED, Blue , 5 V, 10 mA, 30 mW, -40 to 85 degC, 2-Pin SMD (0402), RoHS, Tape and Reel"
"D69","LED_MTX","Top","EVRL-0402-2_V","59.5891","30.5555","315","Chip LED, Blue , 5 V, 10 mA, 30 mW, -40 to 85 degC, 2-Pin SMD (0402), RoHS, Tape and Reel"
"D68","LED_MTX","Top","EVRL-0402-2_V","57.4555","30.5555","315","Chip LED, Blue , 5 V, 10 mA, 30 mW, -40 to 85 degC, 2-Pin SMD (0402), RoHS, Tape and Reel"
"D67","LED_MTX","Top","EVRL-0402-2_V","55.3219","30.5555","315","Chip LED, Blue , 5 V, 10 mA, 30 mW, -40 to 85 degC, 2-Pin SMD (0402), RoHS, Tape and Reel"
"D66","LED_MTX","Top","EVRL-0402-2_V","53.1883","30.5555","315","Chip LED, Blue , 5 V, 10 mA, 30 mW, -40 to 85 degC, 2-Pin SMD (0402), RoHS, Tape and Reel"
"D65","LED_MTX","Top","EVRL-0402-2_V","51.0547","30.5555","315","Chip LED, Blue , 5 V, 10 mA, 30 mW, -40 to 85 degC, 2-Pin SMD (0402), RoHS, Tape and Reel"
"D64","LED_MTX","Top","EVRL-0402-2_V","48.9211","30.5555","315","Chip LED, Blue , 5 V, 10 mA, 30 mW, -40 to 85 degC, 2-Pin SMD (0402), RoHS, Tape and Reel"
"D63","LED_MTX","Top","EVRL-0402-2_V","46.7875","30.5555","315","Chip LED, Blue , 5 V, 10 mA, 30 mW, -40 to 85 degC, 2-Pin SMD (0402), RoHS, Tape and Reel"
"D62","LED_MTX","Top","EVRL-0402-2_V","44.6539","30.5555","315","Chip LED, Blue , 5 V, 10 mA, 30 mW, -40 to 85 degC, 2-Pin SMD (0402), RoHS, Tape and Reel"
"D61","LED_MTX","Top","EVRL-0402-2_V","42.5203","30.5555","315","Chip LED, Blue , 5 V, 10 mA, 30 mW, -40 to 85 degC, 2-Pin SMD (0402), RoHS, Tape and Reel"
"D60","LED_MTX","Top","EVRL-0402-2_V","72.3907","32.6891","315","Chip LED, Blue , 5 V, 10 mA, 30 mW, -40 to 85 degC, 2-Pin SMD (0402), RoHS, Tape and Reel"
"D59","LED_MTX","Top","EVRL-0402-2_V","70.2571","32.6891","315","Chip LED, Blue , 5 V, 10 mA, 30 mW, -40 to 85 degC, 2-Pin SMD (0402), RoHS, Tape and Reel"
"D58","LED_MTX","Top","EVRL-0402-2_V","68.1235","32.6891","315","Chip LED, Blue , 5 V, 10 mA, 30 mW, -40 to 85 degC, 2-Pin SMD (0402), RoHS, Tape and Reel"
"D57","LED_MTX","Top","EVRL-0402-2_V","65.9899","32.6891","315","Chip LED, Blue , 5 V, 10 mA, 30 mW, -40 to 85 degC, 2-Pin SMD (0402), RoHS, Tape and Reel"
"D56","LED_MTX","Top","EVRL-0402-2_V","63.8563","32.6891","315","Chip LED, Blue , 5 V, 10 mA, 30 mW, -40 to 85 degC, 2-Pin SMD (0402), RoHS, Tape and Reel"
"D55","LED_MTX","Top","EVRL-0402-2_V","61.7227","32.6891","315","Chip LED, Blue , 5 V, 10 mA, 30 mW, -40 to 85 degC, 2-Pin SMD (0402), RoHS, Tape and Reel"
"D54","LED_MTX","Top","EVRL-0402-2_V","59.5891","32.6891","315","Chip LED, Blue , 5 V, 10 mA, 30 mW, -40 to 85 degC, 2-Pin SMD (0402), RoHS, Tape and Reel"
"D53","LED_MTX","Top","EVRL-0402-2_V","57.4555","32.6891","315","Chip LED, Blue , 5 V, 10 mA, 30 mW, -40 to 85 degC, 2-Pin SMD (0402), RoHS, Tape and Reel"
"D52","LED_MTX","Top","EVRL-0402-2_V","55.3219","32.6891","315","Chip LED, Blue , 5 V, 10 mA, 30 mW, -40 to 85 degC, 2-Pin SMD (0402), RoHS, Tape and Reel"
"D51","LED_MTX","Top","EVRL-0402-2_V","53.1883","32.6891","315","Chip LED, Blue , 5 V, 10 mA, 30 mW, -40 to 85 degC, 2-Pin SMD (0402), RoHS, Tape and Reel"
"D50","LED_MTX","Top","EVRL-0402-2_V","51.0547","32.6891","315","Chip LED, Blue , 5 V, 10 mA, 30 mW, -40 to 85 degC, 2-Pin SMD (0402), RoHS, Tape and Reel"
"D49","LED_MTX","Top","EVRL-0402-2_V","48.9211","32.6891","315","Chip LED, Blue , 5 V, 10 mA, 30 mW, -40 to 85 degC, 2-Pin SMD (0402), RoHS, Tape and Reel"
"D48","LED_MTX","Top","EVRL-0402-2_V","46.7875","32.6891","315","Chip LED, Blue , 5 V, 10 mA, 30 mW, -40 to 85 degC, 2-Pin SMD (0402), RoHS, Tape and Reel"
"D47","LED_MTX","Top","EVRL-0402-2_V","44.6539","32.6891","315","Chip LED, Blue , 5 V, 10 mA, 30 mW, -40 to 85 degC, 2-Pin SMD (0402), RoHS, Tape and Reel"
"D46","LED_MTX","Top","EVRL-0402-2_V","42.5203","32.6891","315","Chip LED, Blue , 5 V, 10 mA, 30 mW, -40 to 85 degC, 2-Pin SMD (0402), RoHS, Tape and Reel"
"D45","LED_MTX","Top","EVRL-0402-2_V","72.3907","34.8227","315","Chip LED, Blue , 5 V, 10 mA, 30 mW, -40 to 85 degC, 2-Pin SMD (0402), RoHS, Tape and Reel"
"D44","LED_MTX","Top","EVRL-0402-2_V","70.2571","34.8227","315","Chip LED, Blue , 5 V, 10 mA, 30 mW, -40 to 85 degC, 2-Pin SMD (0402), RoHS, Tape and Reel"
"D43","LED_MTX","Top","EVRL-0402-2_V","68.1235","34.8227","315","Chip LED, Blue , 5 V, 10 mA, 30 mW, -40 to 85 degC, 2-Pin SMD (0402), RoHS, Tape and Reel"
"D42","LED_MTX","Top","EVRL-0402-2_V","65.9899","34.8227","315","Chip LED, Blue , 5 V, 10 mA, 30 mW, -40 to 85 degC, 2-Pin SMD (0402), RoHS, Tape and Reel"
"D41","LED_MTX","Top","EVRL-0402-2_V","63.8563","34.8227","315","Chip LED, Blue , 5 V, 10 mA, 30 mW, -40 to 85 degC, 2-Pin SMD (0402), RoHS, Tape and Reel"
"D40","LED_MTX","Top","EVRL-0402-2_V","61.7227","34.8227","315","Chip LED, Blue , 5 V, 10 mA, 30 mW, -40 to 85 degC, 2-Pin SMD (0402), RoHS, Tape and Reel"
"D39","LED_MTX","Top","EVRL-0402-2_V","59.5891","34.8227","315","Chip LED, Blue , 5 V, 10 mA, 30 mW, -40 to 85 degC, 2-Pin SMD (0402), RoHS, Tape and Reel"
"D38","LED_MTX","Top","EVRL-0402-2_V","57.4555","34.8227","315","Chip LED, Blue , 5 V, 10 mA, 30 mW, -40 to 85 degC, 2-Pin SMD (0402), RoHS, Tape and Reel"
"D37","LED_MTX","Top","EVRL-0402-2_V","55.3219","34.8227","315","Chip LED, Blue , 5 V, 10 mA, 30 mW, -40 to 85 degC, 2-Pin SMD (0402), RoHS, Tape and Reel"
"D36","LED_MTX","Top","EVRL-0402-2_V","53.1883","34.8227","315","Chip LED, Blue , 5 V, 10 mA, 30 mW, -40 to 85 degC, 2-Pin SMD (0402), RoHS, Tape and Reel"
"D35","LED_MTX","Top","EVRL-0402-2_V","51.0547","34.8227","315","Chip LED, Blue , 5 V, 10 mA, 30 mW, -40 to 85 degC, 2-Pin SMD (0402), RoHS, Tape and Reel"
"D34","LED_MTX","Top","EVRL-0402-2_V","48.9211","34.8227","315","Chip LED, Blue , 5 V, 10 mA, 30 mW, -40 to 85 degC, 2-Pin SMD (0402), RoHS, Tape and Reel"
"D33","LED_MTX","Top","EVRL-0402-2_V","46.7875","34.8227","315","Chip LED, Blue , 5 V, 10 mA, 30 mW, -40 to 85 degC, 2-Pin SMD (0402), RoHS, Tape and Reel"
"D32","LED_MTX","Top","EVRL-0402-2_V","44.6539","34.8227","315","Chip LED, Blue , 5 V, 10 mA, 30 mW, -40 to 85 degC, 2-Pin SMD (0402), RoHS, Tape and Reel"
"D31","LED_MTX","Top","EVRL-0402-2_V","42.5203","34.8227","315","Chip LED, Blue , 5 V, 10 mA, 30 mW, -40 to 85 degC, 2-Pin SMD (0402), RoHS, Tape and Reel"
"D30","LED_MTX","Top","EVRL-0402-2_V","72.3907","36.9563","315","Chip LED, Blue , 5 V, 10 mA, 30 mW, -40 to 85 degC, 2-Pin SMD (0402), RoHS, Tape and Reel"
"D29","LED_MTX","Top","EVRL-0402-2_V","70.2571","36.9563","315","Chip LED, Blue , 5 V, 10 mA, 30 mW, -40 to 85 degC, 2-Pin SMD (0402), RoHS, Tape and Reel"
"D28","LED_MTX","Top","EVRL-0402-2_V","68.1235","36.9563","315","Chip LED, Blue , 5 V, 10 mA, 30 mW, -40 to 85 degC, 2-Pin SMD (0402), RoHS, Tape and Reel"
"D27","LED_MTX","Top","EVRL-0402-2_V","65.9899","36.9563","315","Chip LED, Blue , 5 V, 10 mA, 30 mW, -40 to 85 degC, 2-Pin SMD (0402), RoHS, Tape and Reel"
"D26","LED_MTX","Top","EVRL-0402-2_V","63.8563","36.9563","315","Chip LED, Blue , 5 V, 10 mA, 30 mW, -40 to 85 degC, 2-Pin SMD (0402), RoHS, Tape and Reel"
"D25","LED_MTX","Top","EVRL-0402-2_V","61.7227","36.9563","315","Chip LED, Blue , 5 V, 10 mA, 30 mW, -40 to 85 degC, 2-Pin SMD (0402), RoHS, Tape and Reel"
"D24","LED_MTX","Top","EVRL-0402-2_V","59.5891","36.9563","315","Chip LED, Blue , 5 V, 10 mA, 30 mW, -40 to 85 degC, 2-Pin SMD (0402), RoHS, Tape and Reel"
"D23","LED_MTX","Top","EVRL-0402-2_V","57.4555","36.9563","315","Chip LED, Blue , 5 V, 10 mA, 30 mW, -40 to 85 degC, 2-Pin SMD (0402), RoHS, Tape and Reel"
"D22","LED_MTX","Top","EVRL-0402-2_V","55.3219","36.9563","315","Chip LED, Blue , 5 V, 10 mA, 30 mW, -40 to 85 degC, 2-Pin SMD (0402), RoHS, Tape and Reel"
"D21","LED_MTX","Top","EVRL-0402-2_V","53.1883","36.9563","315","Chip LED, Blue , 5 V, 10 mA, 30 mW, -40 to 85 degC, 2-Pin SMD (0402), RoHS, Tape and Reel"
"D20","LED_MTX","Top","EVRL-0402-2_V","51.0547","36.9563","315","Chip LED, Blue , 5 V, 10 mA, 30 mW, -40 to 85 degC, 2-Pin SMD (0402), RoHS, Tape and Reel"
"D19","LED_MTX","Top","EVRL-0402-2_V","48.9211","36.9563","315","Chip LED, Blue , 5 V, 10 mA, 30 mW, -40 to 85 degC, 2-Pin SMD (0402), RoHS, Tape and Reel"
"D18","LED_MTX","Top","EVRL-0402-2_V","46.7875","36.9563","315","Chip LED, Blue , 5 V, 10 mA, 30 mW, -40 to 85 degC, 2-Pin SMD (0402), RoHS, Tape and Reel"
"D17","LED_MTX","Top","EVRL-0402-2_V","44.6539","36.9563","315","Chip LED, Blue , 5 V, 10 mA, 30 mW, -40 to 85 degC, 2-Pin SMD (0402), RoHS, Tape and Reel"
"D16","LED_MTX","Top","EVRL-0402-2_V","42.5203","36.9563","315","Chip LED, Blue , 5 V, 10 mA, 30 mW, -40 to 85 degC, 2-Pin SMD (0402), RoHS, Tape and Reel"
"D15","LED_MTX","Top","EVRL-0402-2_V","72.3907","39.0899","315","Chip LED, Blue , 5 V, 10 mA, 30 mW, -40 to 85 degC, 2-Pin SMD (0402), RoHS, Tape and Reel"
"D14","LED_MTX","Top","EVRL-0402-2_V","70.2571","39.0899","315","Chip LED, Blue , 5 V, 10 mA, 30 mW, -40 to 85 degC, 2-Pin SMD (0402), RoHS, Tape and Reel"
"D13","LED_MTX","Top","EVRL-0402-2_V","68.1235","39.0899","315","Chip LED, Blue , 5 V, 10 mA, 30 mW, -40 to 85 degC, 2-Pin SMD (0402), RoHS, Tape and Reel"
"D12","LED_MTX","Top","EVRL-0402-2_V","65.9899","39.0899","315","Chip LED, Blue , 5 V, 10 mA, 30 mW, -40 to 85 degC, 2-Pin SMD (0402), RoHS, Tape and Reel"
"D11","LED_MTX","Top","EVRL-0402-2_V","63.8563","39.0899","315","Chip LED, Blue , 5 V, 10 mA, 30 mW, -40 to 85 degC, 2-Pin SMD (0402), RoHS, Tape and Reel"
"D10","LED_MTX","Top","EVRL-0402-2_V","61.7227","39.0899","315","Chip LED, Blue , 5 V, 10 mA, 30 mW, -40 to 85 degC, 2-Pin SMD (0402), RoHS, Tape and Reel"
"D9","LED_MTX","Top","EVRL-0402-2_V","59.5891","39.0899","315","Chip LED, Blue , 5 V, 10 mA, 30 mW, -40 to 85 degC, 2-Pin SMD (0402), RoHS, Tape and Reel"
"D8","LED_MTX","Top","EVRL-0402-2_V","57.4555","39.0899","315","Chip LED, Blue , 5 V, 10 mA, 30 mW, -40 to 85 degC, 2-Pin SMD (0402), RoHS, Tape and Reel"
"D7","LED_MTX","Top","EVRL-0402-2_V","55.3219","39.0899","315","Chip LED, Blue , 5 V, 10 mA, 30 mW, -40 to 85 degC, 2-Pin SMD (0402), RoHS, Tape and Reel"
"D6","LED_MTX","Top","EVRL-0402-2_V","53.1883","39.0899","315","Chip LED, Blue , 5 V, 10 mA, 30 mW, -40 to 85 degC, 2-Pin SMD (0402), RoHS, Tape and Reel"
"D5","LED_MTX","Top","EVRL-0402-2_V","51.0547","39.0899","315","Chip LED, Blue , 5 V, 10 mA, 30 mW, -40 to 85 degC, 2-Pin SMD (0402), RoHS, Tape and Reel"
"D4","LED_MTX","Top","EVRL-0402-2_V","48.9211","39.0899","315","Chip LED, Blue , 5 V, 10 mA, 30 mW, -40 to 85 degC, 2-Pin SMD (0402), RoHS, Tape and Reel"
"D3","LED_MTX","Top","EVRL-0402-2_V","46.7875","39.0899","315","Chip LED, Blue , 5 V, 10 mA, 30 mW, -40 to 85 degC, 2-Pin SMD (0402), RoHS, Tape and Reel"
"D2","LED_MTX","Top","EVRL-0402-2_V","44.6539","39.0899","315","Chip LED, Blue , 5 V, 10 mA, 30 mW, -40 to 85 degC, 2-Pin SMD (0402), RoHS, Tape and Reel"
"D1","LED_MTX","Top","EVRL-0402-2_V","42.5203","39.0899","315","Chip LED, Blue , 5 V, 10 mA, 30 mW, -40 to 85 degC, 2-Pin SMD (0402), RoHS, Tape and Reel"
